start	end	text
2588	13035	Десь рефермент буде у четвертій і я хотіла, Сергій, попросити тебе, я думаю, що ми будемо брати на наступний тиждень задачку все-таки по поліпшенню якості.
14676	25523	Хочу, Сергій, тебе попросити бути присутнім і прокоментувати свої баги, ти як тестувальник їх створював, щоб ми розібрали баги для того, щоб над ними працювати.
25643	25963	Добре?
26103	27824	Сьогодні у четвертій.
29448	31508	Добре, але можу не змогти пошарити.
31768	36109	Тому що четверті тут є деякі питання в мене.
36209	41650	Добре, ну, хоча б просто голосом я буду шарити, а ти голосом прокоментуєш, де що ти знайшов.
41670	47991	Ну, ми і самі можемо розібратися, але щоб ти хоча б був присутній, міг допомогти, щоб ми щось розгубилися.
49511	49892	Так.
50312	56573	Що у вас, скажіть, будь ласка, Даня і Діма, що у нас з нашим агентом?
57513	58213	Ви бачили, що
58816	61376	і йому зараз якось погано.
61536	63277	Бачите, що відбувається?
65077	65777	Це Лєна Проді?
69018	69518	Так.
71138	72118	А і Водофон Юа.
72258	76519	Може, у тебе стара лінка на чат, якого немає, бо в мене це не відтворюється.
76719	77499	Не відтворюється?
77759	79000	Чат, якого немає.
79900	84921	Що ж мені... У мене лінка просто Водофон... А, вибачте, а в сенсі стара лінка?
85421	87241	Вона ж така є, чи...
88270	92611	В сенсі стара лінка на чат, який, можливо, вже видалили з UI-ки.
92631	94152	Ось зараз він в закладках.
94252	94972	Добавлений.
95012	98073	Він у нас взагалі прописаний.
98213	98713	Ну, ладно.
98873	99173	Добре.
99193	99614	Ні-ні.
99674	100714	Зараз це не про це.
101314	104295	Сережа має на увазі саме на чат.
104475	104855	На чат.
104875	111277	От якщо я видалю, і залишу тільки Aiva.dafon.ua, може, в мене щось старе?
111297	114678	Може, ви вже нову якусь тут... Ні, лінка така ж сама.
114718	117059	Я маю на увазі... Я дивлюся інтерфейс новий.
117349	118249	У вас нормально все?
118309	119170	Тільки в мене так от?
119230	121590	Може мені просто треба перезавантажити ноут?
122010	128592	А треба вновити цей... А за мене цей... Command, Shift і R, англійською.
129173	130993	І це, типу, захардає статіку.
131613	132974	Shift і що?
132994	137535	Command, Shift і R, англійською.
137655	137735	R?
137775	142777	R, R. У мене все чітко.
143817	144937	О, блін, та що ж таке?
145017	145238	Ладно.
145278	146558	Удали браузер, може.
147946	152236	Треба, мабуть, почистити куки чи перезавантажити.
152356	157728	А то, скажімо, це все, що остатнє закишувалося і збилося трохи.
161904	163685	Добре, я подивлюсь.
163705	166426	Я думала у всіх, а якщо у мене, то, значить, моя якась проблема.
166947	175931	Так, скажіть, будь ласка, що у вас тут, додавання файлів в чат, я бачу, ви її вже в кодрев'ю перевели, отож хотіла подивитися, чи є воно вже на проді.
176271	178252	Чи є воно на проді?
178352	183534	А ще ні, там вчора я за DefectShow, там ми ще переграли з Дімою, то там трохи переробив частину.
184795	186736	Тому сьогодні вже закінемо на прод.
186976	188137	Окей, окей, добре.
188777	192178	Так, Діма, скажи, будь ласка, чим ти займаєшся?
192899	196040	Дивився вчора те, що зробив Даніл.
198601	199441	Показував.
200002	203243	Будемо сьогодні ще дивитися, подивимося, чи воно запрацює.
204123	209966	І потім, якщо що, то, можливо, спочатку на ДЕВ винесемо, а потім винесемо на ПРОД.
210006	212607	Подивимося на ДЕВ, що воно працює, а потім винесемо вже на ПРОД.
214052	216295	Якнайде винесем, то ми там свиснем.
217135	220019	Ви, може, поклацуєте там, Сергій, може, поклацає.
220039	227287	Ну, таке, типу, тут не те, що треба мега-мега, але базово, щоб поробити.
227447	232092	Якщо все окей, всіх все окей, то тоді і винесем на продакшн.
233624	235346	Окей, а про твоїх задачках.
235426	244494	Ось мене цікавить апка для передачі даних в клауд і перенесення документів з конфлюенсу.
245455	246836	Оцим я почав займатися.
247857	255164	Почав займатися цією апкою, почав займатися тим, що розгортаю ще блок сторежі.
255364	264349	Важурі, тому що вони нам треба і для задачі, яку Даніла робить.
265050	268692	Тобто без них ця задача не буде виконана.
269632	276677	Тому і для задачі, яку я вже буду робити, для всіх на цій WebStorage, я їх зараз розгортаю і налаштовую.
277317	279758	І роблю апку паралельно.
280059	282400	Добре, як думаєш, скільки вона в тебе забере часу?
285134	288436	Давай тоді подивимося на конкретні... Це ти щас про конкретну яку задачу?
288956	291518	Про апку для передачі даних в клауд.
292199	292999	Ну хоча б приблизно.
293039	299084	Чи якщо ти робиш паралельно, можеш сказати приблизно з фетчингом з конфлюенсу.
300025	303207	Ага.
304522	308104	Ну, створити ап для передачі даних клауд.
309104	312366	Ну, ти тут ж типу, добре, окей, не знаю.
314147	319170	Бо вона, тіпа, як апка буде без цих фетчінг фром конфлінсів?
322559	327902	Давай так, сьогодні я налаштую Blob Storage, і це буде частина якраз цього, що створити ап для передачі даних клауд.
327942	336468	Просто там все це не написано, але там от сьогодні буде налаштовані уже Blob Storage, і вже якась, може, базова апка буде.
337543	343367	Окей, я не підганяю, я просто хочу розуміти, які у нас перспективи.
343927	347930	Бо тебе не було, Діма, а ми тобі ціль додали.
348990	352392	До речі, ми вчора не подивились цілі, давайте зараз швиденько глянемо.
355675	364980	Так, у нас на цей тиждень, який закінчиться в четвер, цілі розгортання, стабілізація, взаємодії з файлами, це дані на задачу.
366391	368212	Вимоги до другого агента моя.
369633	374035	Порівняння моделей – це Сергій вже зробив.
374135	376916	Контекстновий чат – Даніна задача.
377336	381458	Аплікейшн для передачі даних в клауд – це, Діма, твоя задача.
381518	384700	Ми її додали, бо знали, що ти вийдеш і будеш цим займатися.
385160	388182	І доповнити базу знань з документами з Confluence.
389202	393164	Можемо, звісно, з цим не встигнути, але хоча б апка, мабуть, встигнемо.
398700	402144	Ну, добре, да, я не знаю, окей, гавка так гавка.
403285	405007	Такі собі цілі, звичайно.
406088	408670	Ну, да, не амбітні, не амбітні, вибачте.
409211	415357	І ось це, ну мене більше за все цікавить, коли ми вже закинемо в нашого агента конфлюенс і простор.
415437	418580	Ось чому я весь час про них згадую.
419671	428853	Коли ми вже повністю його наповнимо всіма даними, то буде і тестування, мені здається, більш точніше.
428913	429693	І все інше.
431193	435974	І взагалі, ми ж до кінця літа вже збирались все закінчити.
438194	440035	А літо вже скоро закінчиться.
441375	445115	А хто це збирався до кінця літа?
445175	446036	Наша команда.
446236	446776	Німа.
446836	448096	Я такого не пам'ятаю.
450420	459126	Ну, я реально, не давайте без шуток, але серйозно, я таке не пам'ятаю, щоб я казав, що, так, чуваки, до кінця літа все, закінчуємо.
459367	465511	Добре, у нас просто є roadmap і приблизно ми планували без всяких...
466769	475434	Як це точних строків, що приблизно до кінця літа ми закінчуємо першого агента, потім до кінця року закінчуємо всіх трьох агентів.
475814	482218	Це були приблизні такі стімейти, але все одно не будемо розтягувати.
482378	486721	Тобто ніхто не буде сваритись, якщо ми зробимо на тиждень пізніше, але
487781	495363	Я напевно нагадую, ми вчора навіть обговорювали на зустрічі, там купа таких задач, які просто самі себе не зроблять.
495383	503084	Наприклад, заповнити для сек'юріті оту ексельку, де там 40 питань.
503224	507845	Типу це задача, яка, не знаю, задача на день, мабуть, чи на два.
508166	514887	Там ще щось якісь ці історії сек'юріті вчора почув, вони з'явилися, поки я був десь в відпустці.
515347	519070	Це задачі супер-міга, такі часозатратні.
520851	525714	І я розумію, що коли казали там до кінця літа чи ще щось, це мабуть так.
525774	527355	Ну а Гентіка зробить, так?
527555	528316	Що там його робить?
528356	528996	Питань нема.
529397	535981	Але ж тут багато, бачите, ще таких випливають задачі, які самі по собі з'являються.
536101	537743	Це так завжди і це нормально.
537843	538644	Нічого страшного.
538684	540827	Головне, нічого не втрачати з фокусу.
541728	545693	І скажи, будь ласка, задачі на створення ось цієї ексельки для сек'юріті.
545713	549258	Мені здається, у нас була, типу, щось заповнити опросник для сек'юріті.
550219	554164	А він тоді якщо б був, то, може, він у мене, він прогресі, ану давай подивимося.
556872	557672	Здається, нема.
558793	563594	Мабуть, вже закрили, бо вона була неактуальна, вона в нас висіла довго і в цілях.
564415	567776	Потім ми її, мабуть, закрили.
567856	574118	От, якщо потрібно, давай я тобі створю нову задачу, щоб у тебе на це також був запланований час.
574218	581865	Давай задачку і, мабуть, ми поставимо це як навіть ціль на наступний раз.
582505	584027	Тобто на наступний раз.
584387	585568	Це прямо амбітна ціль.
586269	589291	І треба вже її виконати.
589852	591153	Ікселька для сек'юріті.
591233	594096	Амбітна.
594176	594556	Так.
595497	596077	Добре.
596238	598439	Тоді, Дім, дивись.
601377	626016	фокус на зараз, на ось цій апці, на Security, а на наступний тиждень буде фокус, хоча якщо ти кажеш, що це на наступний тиждень, то давай так, на цей тиждень у тебе фокус на апка і Confluence, а на наступний тиждень будемо вже ось ця екселька, плюс у нас є поліпшення пошуку, якості пошуку.
626356	627697	Також подумаємо, що там.
628559	632142	От, поки що робота у всіх є. Діліся з Данією.
632202	633944	Ви з Данією сінкаєтесь?
633984	634664	Все нормально?
634725	636126	Данія знає, чим займатися, так?
636286	645694	Так, Данія зараз роботу закінчить з файлами, плюс потім я також думаю, що простор Данії робить.
645714	645874	Супер.
645934	651519	Я навіть не проти, якщо Данія не буде зараз робити задачу, яку ми говорили про... Контекст.
651820	653341	Контекст, хай...
654904	655804	Да, хай краще.
655824	659345	То я думала просто, поки тебе не було, щоб йому було чим займатися.
659686	663027	Але якщо він зможе займатися простором, буде чудово.
663587	665607	Це нам якраз те, чого не вистачає.
666188	673930	Так, і хотіла ще спитати, Діма, оця задачка про чати, ти казав, що ти наче її пофіксив, але треба глянути, фіксив чи ні.
673970	675390	Може на Сергія?
675751	681893	Я дивуюсь, я навіщо не кидав на Сергія, бо я здається, якщо я її і задеплоїв кудись, то це я деплоїв по МНДФ.
681953	683333	Тобто вона ще не на правді.
683633	696941	Я вже думаю, що в час, як Даня там зробить свою задачку з файлами, ми будемо, коли це все разом там виносить, потіпу виносимо всяке це все-все-все, я тоді поперевожу.
697241	697641	Окей.
698522	699682	Добре, дякую.
700163	707127	Так, що у нас є ще говорити?
707167	707667	Nothing.
708993	710636	Нічого, нічого, що розговорити.
710696	711137	Окей.
711958	713040	Тоді дякую.
713120	713841	Гарного дня.
715103	716225	Давайте попрацюємо.
716686	717968	Пока-пока.
718008	718969	Всім гарного дня.
719290	720712	Пока-пока.
